beta_short,r2_short,beta_long,r2_long,r2_max,delta_star,robust
-0.207339477261357,0.000171034141601433,-0.274411970101007,0.00982283737855275,0.0127696885921186,-1.24913205457621,TRUE
