outcome,mean_outcome,se,mde_abs,mde_pct
Daily productivity (matched DID),4.88842048391299,0.0756589286165111,0.211964936030282,4.33606185735913
Customer waiting time (matched DID),17.6171311987402,0.164551507725217,0.46100507166117,2.61679990039546
