sample,n_riders,n_obs,coef,se,pval
full,936,33896,0.126751013448929,0.158737244594761,0.424790289818141
stable,691,29740,0.00255580237131803,0.0663909917211554,0.969303194668749
