type,coef,se,pval
all,0.0187381055447551,0.164551507680359,0.909399431944218
single,0.00472201042631162,0.146686537752311,0.974337007192116
stacked,0.0048262044521873,0.173640104570583,0.977841364022913
