type,coef,se,pval
all,0.0187381055447538,0.164551507725217,0.909399431968816
single,0.00472201042630637,0.14668653773116,0.974337007188446
stacked,0.00482620445218554,0.173640104490275,0.977841364012675
