variable,coef,se,pval
num_orders,0.0473603482823285,0.0830545210812019,0.568865496954869
total_duration,0.592294677782701,0.658224050598664,0.368790429335441
avg_duration_orders,-0.0241264811627933,0.104832449543064,0.818107296733346
idle_btw_shifts,0.018387064270852,0.213460195059222,0.931403072491864
